{"noiseKey":{"private":{"type":"Buffer","data":"oFsVdprh1BWnwJZHtLoXh+iYC6FTwzGwhKSbMqevvF0="},"public":{"type":"Buffer","data":"6IiVgJhXY9Yt52TXnI8xAzgNqyN5rZZLpDMMRhFcwU0="}},"pairingEphemeralKeyPair":{"private":{"type":"Buffer","data":"kLn9GXintj4oyNkIvSI3/ZwLyCwrIss30PYwRWI6WmU="},"public":{"type":"Buffer","data":"unu+Ox1VTlRVKXvh1RKZOuDwjjPUwVzoZ9uRYx/6+yA="}},"signedIdentityKey":{"private":{"type":"Buffer","data":"eE6eaZBEW4eA18HaYkudBR0qTZFmMq04/KqCMYMuJ3Y="},"public":{"type":"Buffer","data":"OtDl9d/WedJNuF6CRmF5QimW8d6bUje3b24p9DFak3Q="}},"signedPreKey":{"keyPair":{"private":{"type":"Buffer","data":"uIofaFr9gWh74/e75o0PnVqXWmanqNNlhX2rxKPEWnY="},"public":{"type":"Buffer","data":"LVh72RtLTmME3GRWN5Yri5j/7Dk7KQet3ym3vjqwKlI="}},"signature":{"type":"Buffer","data":"hqZ0+e4jcW6Yx4q7KE4I70vYVcR470otk0q96rhyVas0A3s0nFL9WIG9aS79WtEHq1++S0497ghrXIyv/qSyBA=="},"keyId":1},"registrationId":148,"advSecretKey":"JDnS3stL9z2sEn0FKmlWazSTYxY+XyI790gBaTFp+dQ=","processedHistoryMessages":[],"nextPreKeyId":31,"firstUnuploadedPreKeyId":31,"accountSyncCounter":0,"accountSettings":{"unarchiveChats":false},"deviceId":"LDSoku83Q2Gr1LBxoRyPaw","phoneId":"777a2d7b-de5e-4515-868f-681ac0e4474a","identityId":{"type":"Buffer","data":"fd8HE2BiKpjTfjXthzdTey3dNGk="},"registered":true,"backupToken":{"type":"Buffer","data":"ftrjo+weZ976Yp6VxPngNb0unr8="},"registration":{},"pairingCode":"G5PV6TV7","me":{"id":"994407713546:4@s.whatsapp.net","name":"𝐇𝐚𝐜𝐤𝐞𝐫 𝐓𝐅"},"account":{"details":"CM6ol60DEKKNprcGGAQgACgA","accountSignatureKey":"D1Qu2rKbBBrcZV5hF7aS5zk7o7ITAP7Xe9WSmISAoxU=","accountSignature":"2Sa1cr81mVY/9GBTsgxRs+efBWry6KN3NG55bjzGabv5SeHXtFALLWQNt2rK0fCw8JfBNxPaKVihMfidDXd4Bg==","deviceSignature":"sBcXMoP3/+6eWhAwvANO9FXwxOjqAFik6jdKtJkPGujxmZbqbwjlJODhCvSv0mIQylcfPBchkR5ubQ+FrG78Cg=="},"signalIdentities":[{"identifier":{"name":"994407713546:4@s.whatsapp.net","deviceId":0},"identifierKey":{"type":"Buffer","data":"BQ9ULtqymwQa3GVeYRe2kuc5O6OyEwD+13vVkpiEgKMV"}}],"platform":"smba","lastAccountSyncTimestamp":1726580391}